Sample,Submitted Name,Original Well Location,User Volume,Sample Type,User Rin,User Conc.,Conc. Method,User Amount (ug),Initial QC Concentration,Conc. Units,Volume (ul),Amount (ng),Rin,Initial QC Status,PREP LIB,Library Preps,Amount Taken (ng),Reagent Label,Library Concentration,Conc. Units,Average Size bp,Library Volume (ul),Library Well Location,Prep Status,Initial QC Status,Workset Name
P20708_101,HCC1187 FC 8h #1,A:1,35,Total RNA,9,20,Qubit,0.70,11.53,ng/ul,34,392.05,8.70,Passed,Yes,A,200,IDT_10nt_UD_193 (GCGCGGTTAA-GCTATAGCTT),95.90,nM,425.58,22,A:1,passed,passed,WS210826RNA1527
P20708_102,HCC1187 FC 8h #2,B:1,35,Total RNA,9,20,Qubit,0.70,6.96,ng/ul,34,236.78,0,Failed,No,,,,,,,,,aborted,failed,
P20708_103,HCC1187 FC 8h #3,C:1,35,Total RNA,9,20,Qubit,0.70,3.08,ng/ul,34,104.72,0,Failed,No,,,,,,,,,aborted,failed,
P20708_104,HCC1187 DAPT 8h #1,D:1,35,Total RNA,9,20,Qubit,0.70,10.29,ng/ul,34,349.76,8.90,Passed,Yes,A,200,IDT_10nt_UD_194 (TAGGAAGCGG-CCTGGATTGG),62.85,nM,407.44,22,B:1,passed,passed,WS210826RNA1527
P20708_105,HCC1187 DAPT 8h #2,E:1,35,Total RNA,9,20,Qubit,0.70,4.84,ng/ul,34,164.67,6.70,Failed,No,,,,,,,,,aborted,failed,
P20708_106,HCC1187 DAPT 8h #3,F:1,35,Total RNA,9,20,Qubit,0.70,1.90,ng/ul,34,64.55,0,Failed,No,,,,,,,,,aborted,failed,
P20708_107,HCC1187 Jagged1 8h #1,G:1,35,Total RNA,9,20,Qubit,0.70,18.15,ng/ul,34,617.07,9.06,Passed,Yes,A,200,IDT_10nt_UD_195 (ACGGTCGCAT-TAGAGAGTAC),77.73,nM,412.22,22,C:1,passed,passed,WS210826RNA1527
P20708_108,HCC1187 Jagged1 8h #2,H:1,35,Total RNA,9,20,Qubit,0.70,6.37,ng/ul,34,216.65,6.60,Failed,No,,,,,,,,,aborted,failed,
P20708_109,HCC1187 Jagged1 8h #3,A:2,35,Total RNA,9,20,Qubit,0.70,1.63,ng/ul,34,55.44,0,Failed,No,,,,,,,,,aborted,failed,
P20708_117,MDAMB468 FC 8h #1,A:3,35,Total RNA,9,20,Qubit,0.70,47.31,ng/ul,34,1608.44,9.31,Passed,Yes,A,200,IDT_10nt_UD_196 (CCTATGTGTA-CGACTCACTA),84.51,nM,418.86,22,D:1,passed,passed,WS210826RNA1527
P20708_118,MDAMB468 FC 8h #2,B:3,35,Total RNA,9,20,Qubit,0.70,30.22,ng/ul,34,1027.51,9.71,Passed,Yes,A,200,IDT_10nt_UD_197 (TTGGATTGTC-CTAACAGCCG),81.09,nM,415.55,22,E:1,passed,passed,WS210826RNA1527
P20708_119,MDAMB468 FC 8h #3,C:3,35,Total RNA,9,20,Qubit,0.70,24.11,ng/ul,34,819.64,8.87,Passed,Yes,A,200,IDT_10nt_UD_198 (GCCGTGAACA-ATGGTGGTGC),68.60,nM,429.76,22,F:1,passed,passed,WS210826RNA1527
P20708_120,MDAMB468 DAPT 8h #1,D:3,35,Total RNA,9,20,Qubit,0.70,49.46,ng/ul,34,1681.78,9.62,Passed,Yes,A,200,IDT_10nt_UD_032 (TATGCGTAGC-GTGCCTCTGA),31.17,nM,345.37,28,H:4,passed,passed,WS210902RNA1527
P20708_121,MDAMB468 DAPT 8h #2,E:3,35,Total RNA,9,20,Qubit,0.70,39.68,ng/ul,34,1349.02,9.94,Passed,Yes,A,200,IDT_10nt_UD_033 (CAGCAGGTCA-TACCTAAGTG),36.61,nM,355.69,28,A:5,passed,passed,WS210902RNA1527
P20708_122,MDAMB468 DAPT 8h #3,F:3,35,Total RNA,9,20,Qubit,0.70,20.98,ng/ul,34,713.39,8.60,Passed,Yes,A,200,IDT_10nt_UD_034 (TTACGCGCAT-TGTCGTTAAG),30.33,nM,362.57,28,B:5,passed,passed,WS210902RNA1527
P20708_123,MDAMB468 Jagged1 8h #1,G:3,35,Total RNA,9,20,Qubit,0.70,46.44,ng/ul,34,1579.10,9.06,Passed,Yes,A,200,IDT_10nt_UD_035 (AGGATGTCCA-AACGTCCAGT),43.92,nM,369.28,28,C:5,passed,passed,WS210902RNA1527
P20708_124,MDAMB468 Jagged1 8h #2,H:3,35,Total RNA,9,20,Qubit,0.70,35.94,ng/ul,34,1221.82,8.60,Passed,Yes,A,200,IDT_10nt_UD_036 (AGTTCAGGCG-AATAGCTGTG),40.49,nM,358.02,28,D:5,passed,passed,WS210902RNA1527
P20708_125,MDAMB468 Jagged1 8h #3,A:4,35,Total RNA,9,20,Qubit,0.70,21.61,ng/ul,34,734.67,9.30,Passed,Yes,A,200,IDT_10nt_UD_037 (TCACCATAAG-TCCTGAACTT),55.34,nM,357.57,28,E:5,passed,passed,WS210902RNA1527
P20708_133,HCC70 FC 8h #1,A:5,35,Total RNA,9,20,Qubit,0.70,106,ng/ul,35,3710,9.80,Passed,Yes,A,200,IDT_10nt_UD_097 (CAACCATACA-TATAACCGGT),79.80,nM,431.20,28,A:1,passed,passed,WS210907RNA1527
P20708_134,HCC70 FC 8h #2,B:5,35,Total RNA,9,20,Qubit,0.70,27.95,ng/ul,35,978.42,8.66,Passed,Yes,A,200,IDT_10nt_UD_098 (TCGACGTTGG-CACACTTATC),52.11,nM,435.85,28,B:1,passed,passed,WS210907RNA1527
P20708_135,HCC70 FC 8h #3,C:5,35,Total RNA,9,20,Qubit,0.70,13.08,ng/ul,35,457.90,7.70,Failed,Yes,A,200,IDT_10nt_UD_099 (AATCGAACTC-TAAGGTTCGT),85.95,nM,397.51,28,C:1,passed,failed,WS210907RNA1527
P20708_136,HCC70 DAPT 8h #1,D:5,35,Total RNA,9,20,Qubit,0.70,108.24,ng/ul,35,3788.40,9.61,Passed,Yes,A,200,IDT_10nt_UD_100 (ACTTCAACAG-ATGCTCACGC),106.75,nM,401.72,28,D:1,passed,passed,WS210907RNA1527
P20708_137,HCC70 DAPT 8h #2,E:5,35,Total RNA,9,20,Qubit,0.70,31.74,ng/ul,35,1110.87,8.67,Passed,Yes,B,200,IDT_10nt_UD_311 (GCGACAATAT-CCGTACGAAT),101.78,nM,402.50,26,G:3,passed,passed,WS210927RNA1527
P20708_138,HCC70 DAPT 8h #3,F:5,35,Total RNA,9,20,Qubit,0.70,10.49,ng/ul,35,367.12,7.70,Failed,Yes,A,200,IDT_10nt_UD_102 (GACAATGCGG-CACTCAACAA),87.06,nM,397.24,28,F:1,passed,failed,WS210907RNA1527
P20708_139,HCC70 Jagged1 8h #1,G:5,35,Total RNA,9,20,Qubit,0.70,109.14,ng/ul,35,3819.90,9.75,Passed,Yes,A,200,IDT_10nt_UD_103 (GTGCTATCGA-CGGTGCTTAA),76.41,nM,416.07,28,G:1,passed,passed,WS210907RNA1527
P20708_140,HCC70 Jagged1 8h #2,H:5,35,Total RNA,9,20,Qubit,0.70,21.86,ng/ul,35,765.21,9.01,Passed,Yes,A,200,IDT_10nt_UD_104 (GTCTTCTCGA-GTTGGCACCA),77.88,nM,402.73,28,H:1,passed,passed,WS210907RNA1527
P20708_141,HCC70 Jagged1 8h #3,A:6,35,Total RNA,9,20,Qubit,0.70,10.12,ng/ul,35,354.06,7.80,Failed,Yes,A,200,IDT_10nt_UD_105 (GTAGGCCGTT-AGACAGTGGC),56.41,nM,400.50,28,A:2,passed,failed,WS210907RNA1527
P20708_149,HCC1599 FC 8h #1,A:7,35,Total RNA,9,20,Qubit,0.70,4.23,ng/ul,35,148.19,10,Failed,Yes,A,200,IDT_10nt_UD_106 (AAGAGTACGA-ACGTCCTTGC),42.03,nM,398.88,28,B:2,passed,failed,WS210907RNA1527
P20708_150,HCC1599 FC 8h #2,B:7,35,Total RNA,9,20,Qubit,0.70,3.76,ng/ul,28,105.36,10,Failed,No,,,,,,,,,aborted,failed,
P20708_151,HCC1599 FC 8h #3,C:7,35,Total RNA,9,20,Qubit,0.70,22.23,ng/ul,35,778.23,8.81,Passed,Yes,A,200,IDT_10nt_UD_107 (AGGCTGGAGA-ATGACAGTTG),34.35,nM,389.02,28,C:2,passed,passed,WS210907RNA1527
P20708_152,HCC1599 DAPT 8h #1,D:7,35,Total RNA,9,20,Qubit,0.70,6.23,ng/ul,35,217.89,8.50,Passed,Yes,A,200,IDT_10nt_UD_108 (TGGACAATAG-CACAGGACTC),34.32,nM,394.40,28,D:2,passed,passed,WS210907RNA1527
P20708_153,HCC1599 DAPT 8h #2,E:7,35,Total RNA,9,20,Qubit,0.70,5.33,ng/ul,35,186.43,8.80,Failed,No,,,,,,,,,aborted,failed,
P20708_154,HCC1599 DAPT 8h #3,F:7,35,Total RNA,9,20,Qubit,0.70,10.89,ng/ul,35,381.32,7.80,Failed,Yes,A,200,IDT_10nt_UD_109 (TCCTACGTGC-ATAGCACCTA),0.57,nM,202.58,28,E:2,failed,failed,WS210907RNA1527
P20708_155,HCC1599 Jagged1 8h #1,G:7,35,Total RNA,9,20,Qubit,0.70,6.81,ng/ul,35,238.47,8.20,Passed,Yes,A,200,IDT_10nt_UD_110 (AAGTGGCATT-CGATTGTTCT),49.84,nM,400.10,28,F:2,passed,passed,WS210907RNA1527
P20708_156,HCC1599 Jagged1 8h #2,H:7,35,Total RNA,9,20,Qubit,0.70,20.73,ng/ul,35,725.41,9.46,Passed,No,,,,,,,,,aborted,passed,
P20708_157,HCC1599 Jagged1 8h #3,A:8,35,Total RNA,9,20,Qubit,0.70,17.99,ng/ul,35,629.65,8.22,Passed,Yes,A,200,IDT_10nt_UD_111 (AGAACCTACA-ACCGTACACT),93.75,nM,397.15,28,G:2,passed,passed,WS210907RNA1527
P20708_165,MDAMB436 FC 8h #1,A:9,35,Total RNA,9,20,Qubit,0.70,56.16,ng/ul,35,1965.53,9.41,Passed,Yes,A,200,IDT_10nt_UD_112 (ATACACAGAG-CCTTCTGACT),59.04,nM,404.70,28,H:2,passed,passed,WS210907RNA1527
P20708_166,MDAMB436 FC 8h #2,B:9,35,Total RNA,9,20,Qubit,0.70,24.12,ng/ul,35,844.06,8.00,Passed,Yes,A,200,IDT_10nt_UD_113 (CGGATTGATC-TGTTGTGACT),59.14,nM,392.15,28,A:3,passed,passed,WS210907RNA1527
P20708_167,MDAMB436 FC 8h #3,C:9,35,Total RNA,9,20,Qubit,0.70,9.47,ng/ul,35,331.41,8.60,Passed,Yes,A,200,IDT_10nt_UD_114 (CACGAGAAGT-CTACGCAGAC),62.01,nM,388.87,28,B:3,passed,passed,WS210907RNA1527
P20708_168,MDAMB436 DAPT 8h #1,D:9,35,Total RNA,9,20,Qubit,0.70,46.30,ng/ul,35,1620.46,9.85,Passed,Yes,B,200,IDT_10nt_UD_312 (CGCAATAAGA-ACGCTGTAGG),84.58,nM,405.07,26,H:3,passed,passed,WS210927RNA1527
P20708_169,MDAMB436 DAPT 8h #2,E:9,35,Total RNA,9,20,Qubit,0.70,20.90,ng/ul,35,731.47,8.55,Passed,Yes,A,200,IDT_10nt_UD_116 (TCACACGGAT-CGATCAGAAG),77.96,nM,375.89,28,D:3,passed,passed,WS210907RNA1527
P20708_170,MDAMB436 DAPT 8h #3,F:9,35,Total RNA,9,20,Qubit,0.70,15.31,ng/ul,35,535.96,7.25,Failed,Yes,A,200,IDT_10nt_UD_117 (CCACGATAAC-GTCAGGCATG),40.63,nM,387.18,28,E:3,passed,failed,WS210907RNA1527
P20708_171,MDAMB436 Jagged1 8h #1,G:9,35,Total RNA,9,20,Qubit,0.70,59.23,ng/ul,35,2072.91,9.61,Passed,Yes,A,200,IDT_10nt_UD_118 (GCAACCTGAG-CGCAATGAAC),91.79,nM,387.75,28,F:3,passed,passed,WS210907RNA1527
P20708_172,MDAMB436 Jagged1 8h #2,H:9,35,Total RNA,9,20,Qubit,0.70,28.58,ng/ul,35,1000.44,8.80,Passed,Yes,A,200,IDT_10nt_UD_119 (ATGGTGTATC-CCACAATTGC),61.44,nM,393.00,28,G:3,passed,passed,WS210907RNA1527
P20708_173,MDAMB436 Jagged1 8h #3,A:10,35,Total RNA,9,20,Qubit,0.70,15.27,ng/ul,35,534.49,5.25,Failed,Yes,A,200,IDT_10nt_UD_120 (AGGTCTATGG-GTTCTCACGG),14.38,nM,376.46,28,H:3,failed,failed,WS210907RNA1527
P20708_181,BT20 FC 8h #1,A:11,35,Total RNA,9,20,Qubit,0.70,5.11,ng/ul,35,178.86,6.70,Failed,No,,,,,,,,,aborted,failed,
P20708_182,BT20 FC 8h #2,B:11,35,Total RNA,9,20,Qubit,0.70,5.13,ng/ul,35,179.54,10,Failed,No,,,,,,,,,aborted,failed,
P20708_183,BT20 FC 8h #3,C:11,35,Total RNA,9,20,Qubit,0.70,8.84,ng/ul,35,309.44,8.90,Passed,Yes,A,200,IDT_10nt_UD_121 (ACTGGCAAGA-ATGGACAACA),57.50,nM,389.10,28,A:4,passed,passed,WS210907RNA1527
P20708_184,BT20 DAPT 8h #1,D:11,35,Total RNA,9,20,Qubit,0.70,4.77,ng/ul,35,166.96,7.30,Failed,No,,,,,,,,,aborted,failed,
P20708_185,BT20 DAPT 8h #2,E:11,35,Total RNA,9,20,Qubit,0.70,3.69,ng/ul,35,129.06,7,Failed,No,,,,,,,,,aborted,failed,
P20708_186,BT20 DAPT 8h #3,F:11,35,Total RNA,9,20,Qubit,0.70,8.73,ng/ul,35,305.64,8.10,Passed,Yes,A,200,IDT_10nt_UD_122 (GACAATTAGC-TCATGACCGG),62.21,nM,391.94,28,B:4,passed,passed,WS210907RNA1527
P20708_187,BT20 Jagged1 8h #1,G:11,35,Total RNA,9,20,Qubit,0.70,4.44,ng/ul,35,155.50,7.60,Failed,No,,,,,,,,,aborted,failed,
P20708_188,BT20 Jagged1 8h #2,H:11,35,Total RNA,9,20,Qubit,0.70,5.33,ng/ul,35,186.60,6.20,Failed,No,,,,,,,,,aborted,failed,
P20708_189,BT20 Jagged1 8h #3,A:12,35,Total RNA,9,20,Qubit,0.70,8.64,ng/ul,35,302.30,8.10,Passed,Yes,A,200,IDT_10nt_UD_123 (TCAATCAGAG-AACCAGAGTC),43.91,nM,379.85,28,C:4,passed,passed,WS210907RNA1527
P20708_201,HCC1187 FC 72h #1,A:1,35,Total RNA,9,30,0,1.05,20.39,ng/ul,34,693.12,7.89,Failed,Yes,A,200,IDT_10nt_UD_124 (AGGATACGGT-TGACGTGGTT),42.21,nM,396.77,28,D:4,passed,failed,WS210907RNA1527
P20708_202,HCC1187 FC 72h #2,B:1,35,Total RNA,9,30,0,1.05,9.91,ng/ul,34,337.10,9.30,Passed,No,,,,,,,,,aborted,passed,
P20708_203,HCC1187 FC 72h #3,C:1,35,Total RNA,9,30,0,1.05,1.46,ng/ul,34,49.62,0,Failed,No,,,,,,,,,aborted,failed,
P20708_204,HCC1187 DAPT 72h #1,D:1,35,Total RNA,9,30,0,1.05,27.69,ng/ul,34,941.53,8.60,Passed,Yes,B,200,IDT_10nt_UD_313 (CCAGTATTCT-ATCGCTTCGT),70.00,nM,400.10,26,A:4,passed,passed,WS210927RNA1527
P20708_205,HCC1187 DAPT 72h #2,E:1,35,Total RNA,9,30,0,1.05,4.23,ng/ul,34,143.83,6.50,Failed,No,,,,,,,,,aborted,failed,
P20708_206,HCC1187 DAPT 72h #3,F:1,35,Total RNA,9,30,0,1.05,1.49,ng/ul,34,50.81,0,Failed,No,,,,,,,,,aborted,failed,
P20708_207,HCC1187 Jagged1 72h #1,G:1,35,Total RNA,9,30,0,1.05,23.21,ng/ul,34,789.00,9.00,Passed,Yes,A,200,IDT_10nt_UD_126 (AGAACCGGAC-TATGGTAGGA),45.58,nM,403.13,28,F:4,passed,passed,WS210907RNA1527
P20708_208,HCC1187 Jagged1 72h #2,H:1,35,Total RNA,9,30,0,1.05,10.64,ng/ul,34,361.83,7.90,Failed,No,,,,,,,,,aborted,failed,
P20708_209,HCC1187 Jagged1 72h #3,A:2,35,Total RNA,9,30,0,1.05,1.62,ng/ul,35,56.77,0,Failed,No,,,,,,,,,aborted,failed,
P20708_217,MDAMB468 FC 72h #1,A:3,35,Total RNA,9,30,0,1.05,73.06,ng/ul,35,2557.17,9.24,Passed,Yes,A,200,IDT_10nt_UD_127 (CTCAGAATTC-CGGTCTCTGT),68.01,nM,401.62,28,G:4,passed,passed,WS210907RNA1527
P20708_218,MDAMB468 FC 72h #2,B:3,35,Total RNA,9,30,0,1.05,107,ng/ul,35,3745,9.51,Passed,Yes,A,200,IDT_10nt_UD_128 (ACCTCATTGA-AGATCGGATA),56.45,nM,390.70,28,H:4,passed,passed,WS210907RNA1527
P20708_219,MDAMB468 FC 72h #3,C:3,35,Total RNA,9,30,0,1.05,79.73,ng/ul,35,2790.59,9.44,Passed,Yes,A,200,IDT_10nt_UD_129 (ACAAGAACCT-TTCAGTATCG),46.26,nM,398.07,28,A:5,passed,passed,WS210907RNA1527
P20708_220,MDAMB468 DAPT 72h #1,D:3,35,Total RNA,9,30,0,1.05,60.87,ng/ul,35,2130.55,9.33,Passed,Yes,A,200,IDT_10nt_UD_130 (TTCTACCGGC-CTTACGAGTA),94.44,nM,384.71,28,B:5,passed,passed,WS210907RNA1527
P20708_221,MDAMB468 DAPT 72h #2,E:3,35,Total RNA,9,30,0,1.05,94.99,ng/ul,35,3324.51,9.53,Passed,Yes,A,200,IDT_10nt_UD_131 (AACATAAGGC-CTAAGCTAAC),91.31,nM,389.24,28,C:5,passed,passed,WS210907RNA1527
P20708_222,MDAMB468 DAPT 72h #3,F:3,35,Total RNA,9,30,0,1.05,61.02,ng/ul,35,2135.70,9.23,Passed,Yes,A,200,IDT_10nt_UD_132 (GCTACAGGTC-TCCTGCATAA),29.21,nM,386.30,28,D:5,passed,passed,WS210907RNA1527
P20708_223,MDAMB468 Jagged1 72h #1,G:3,35,Total RNA,9,30,0,1.05,82.91,ng/ul,35,2901.78,9.40,Passed,Yes,A,200,IDT_10nt_UD_133 (TGGCACGAAC-AAGAGTCAGG),73.40,nM,401.27,28,E:5,passed,passed,WS210907RNA1527
P20708_224,MDAMB468 Jagged1 72h #2,H:3,35,Total RNA,9,30,0,1.05,115.77,ng/ul,35,4051.95,9.61,Passed,Yes,A,200,IDT_10nt_UD_134 (CACACTGTTG-AACCAATGCA),90.62,nM,374.80,28,F:5,passed,passed,WS210907RNA1527
P20708_225,MDAMB468 Jagged1 72h #3,A:4,35,Total RNA,9,30,0,1.05,79.96,ng/ul,35,2798.46,8.75,Passed,Yes,A,200,IDT_10nt_UD_135 (TATGATGCAG-CAACTGGCCT),47.42,nM,403.61,28,G:5,passed,passed,WS210907RNA1527
P20708_233,HCC70 FC 72h #1,A:5,35,Total RNA,9,30,0,1.05,96.50,ng/ul,35,3377.50,9.22,Passed,Yes,A,200,IDT_10nt_UD_136 (CGTGGCAGAA-CATCGGAAGA),73.52,nM,403.79,28,H:5,passed,passed,WS210907RNA1527
P20708_234,HCC70 FC 72h #2,B:5,35,Total RNA,9,30,0,1.05,64.40,ng/ul,35,2254.14,9.56,Passed,Yes,A,200,IDT_10nt_UD_137 (AGAGTATGTG-GAAGCCATCT),47.87,nM,399.69,28,A:6,passed,passed,WS210907RNA1527
P20708_235,HCC70 FC 72h #3,C:5,35,Total RNA,9,30,0,1.05,33.61,ng/ul,31,1041.88,8.87,Passed,Yes,A,200,IDT_10nt_UD_138 (GTGAGAGTAT-CCTCACAGAT),118.50,nM,399.87,28,B:6,passed,passed,WS210907RNA1527
P20708_236,HCC70 DAPT 72h #1,D:5,35,Total RNA,9,30,0,1.05,84.83,ng/ul,31,2629.76,8.76,Passed,Yes,A,200,IDT_10nt_UD_139 (TTGCAATGCG-TGAAGTCTCG),60.48,nM,382.45,28,C:6,passed,passed,WS210907RNA1527
P20708_237,HCC70 DAPT 72h #2,E:5,35,Total RNA,9,30,0,1.05,43.94,ng/ul,31,1362.08,8.78,Passed,Yes,A,200,IDT_10nt_UD_140 (GCCAAGTAAC-TCATCACGCA),26.25,nM,379.86,28,D:6,passed,passed,WS210907RNA1527
P20708_238,HCC70 DAPT 72h #3,F:5,35,Total RNA,9,30,0,1.05,28.21,ng/ul,31,874.51,8.51,Passed,Yes,A,200,IDT_10nt_UD_141 (AACGACATCT-ATTCCAAGAC),46.37,nM,395.40,28,E:6,passed,passed,WS210907RNA1527
P20708_239,HCC70 Jagged1 72h #1,G:5,35,Total RNA,9,30,0,1.05,99.49,ng/ul,31,3084.19,9.26,Passed,Yes,A,200,IDT_10nt_UD_142 (CTCATTCTGC-ACCGCTTCAA),72.07,nM,393.84,28,F:6,passed,passed,WS210907RNA1527
P20708_240,HCC70 Jagged1 72h #2,H:5,35,Total RNA,9,30,0,1.05,79.08,ng/ul,31,2451.32,8.98,Passed,Yes,A,200,IDT_10nt_UD_143 (GTGGAGGTAG-GTGACGCGAT),51.80,nM,396.90,28,G:6,passed,passed,WS210907RNA1527
P20708_241,HCC70 Jagged1 72h #3,A:6,35,Total RNA,9,30,0,1.05,36.14,ng/ul,33,1192.49,9.54,Passed,Yes,B,200,IDT_10nt_UD_314 (GTGACGCACA-CGCAACAACG),86.48,nM,396.96,26,B:4,passed,passed,WS210927RNA1527
P20708_249,HCC1599 FC 72h #1,A:7,35,Total RNA,9,30,0,1.05,13.56,ng/ul,33,447.41,8.05,Passed,No,,,,,,,,,aborted,passed,
P20708_250,HCC1599 FC 72h #2,B:7,35,Total RNA,9,30,0,1.05,55.25,ng/ul,33,1823.35,9.32,Passed,Yes,A,200,IDT_10nt_UD_145 (ACTTAGATCG-AAGAATTCCG),63.68,nM,385.61,28,A:7,passed,passed,WS210907RNA1527
P20708_251,HCC1599 FC 72h #3,C:7,35,Total RNA,9,30,0,1.05,24.36,ng/ul,33,803.81,9.08,Passed,Yes,A,200,IDT_10nt_UD_146 (CTGGAGAATA-GTTGTATGGA),61.62,nM,397.49,28,B:7,passed,passed,WS210907RNA1527
P20708_252,HCC1599 DAPT 72h #1,D:7,35,Total RNA,9,30,0,1.05,2.27,ng/ul,33,75.01,0,Failed,No,,,,,,,,,aborted,failed,
P20708_253,HCC1599 DAPT 72h #2,E:7,35,Total RNA,9,30,0,1.05,13.21,ng/ul,33,436.03,8.06,Passed,Yes,B,200,IDT_10nt_UD_315 (TCGACCAGCA-GAGTTCGAAC),63.70,nM,381.70,26,C:4,passed,passed,WS210927RNA1527
P20708_254,HCC1599 DAPT 72h #3,F:7,35,Total RNA,9,30,0,1.05,6.92,ng/ul,33,228.23,8.50,Passed,Yes,A,200,IDT_10nt_UD_148 (TTGTGAAGGC-GTACTGACGA),73.33,nM,384.32,28,D:7,passed,passed,WS210907RNA1527
P20708_255,HCC1599 Jagged1 72h #1,G:7,35,Total RNA,9,30,0,1.05,11.50,ng/ul,33,379.40,9.60,Passed,No,,,,,,,,,aborted,passed,
P20708_256,HCC1599 Jagged1 72h #2,H:7,35,Total RNA,9,30,0,1.05,48.05,ng/ul,33,1585.62,9.35,Passed,Yes,A,200,IDT_10nt_UD_149 (GCGAGATGGA-AGTAGAGTGT),68.57,nM,389.10,28,E:7,passed,passed,WS210907RNA1527
P20708_257,HCC1599 Jagged1 72h #3,A:8,35,Total RNA,9,30,0,1.05,7.35,ng/ul,33,242.71,7.60,Failed,Yes,A,200,IDT_10nt_UD_150 (AACAGTGACT-ACACTGCGAT),27.45,nM,399.58,28,F:7,passed,failed,WS210907RNA1527
P20708_265,MDAMB436 FC 72h #1,A:9,35,Total RNA,9,30,0,1.05,31.34,ng/ul,33,1034.06,7.82,Failed,Yes,A,200,IDT_10nt_UD_151 (AGAGGCACGA-AATTCCACGT),110.36,nM,389.66,28,G:7,passed,failed,WS210907RNA1527
P20708_266,MDAMB436 FC 72h #2,B:9,35,Total RNA,9,30,0,1.05,77.48,ng/ul,33,2556.74,9.71,Passed,Yes,A,200,IDT_10nt_UD_152 (TGATTCCACA-ACGGCTAGAG),57.51,nM,394.94,28,H:7,passed,passed,WS210907RNA1527
P20708_267,MDAMB436 FC 72h #3,C:9,35,Total RNA,9,30,0,1.05,45.58,ng/ul,33,1504.01,7.82,Failed,Yes,A,200,IDT_10nt_UD_153 (GATCAACAAG-GACAGTGCTT),58.45,nM,398.64,28,A:8,passed,failed,WS210907RNA1527
P20708_268,MDAMB436 DAPT 72h #1,D:9,35,Total RNA,9,30,0,1.05,36.88,ng/ul,33,1216.94,8.82,Passed,Yes,A,200,IDT_10nt_UD_154 (TGACAAGAGG-CCAACAGATT),73.09,nM,392.42,28,B:8,passed,passed,WS210907RNA1527
P20708_269,MDAMB436 DAPT 72h #2,E:9,35,Total RNA,9,30,0,1.05,93.64,ng/ul,33,3090.25,9.52,Passed,Yes,A,200,IDT_10nt_UD_155 (CATTATCGCT-AAGCAACTCG),52.35,nM,389.68,28,C:8,passed,passed,WS210907RNA1527
P20708_270,MDAMB436 DAPT 72h #3,F:9,35,Total RNA,9,30,0,1.05,48.07,ng/ul,33,1586.41,8.30,Passed,Yes,A,200,IDT_10nt_UD_156 (GTCGACTCCT-GCTAACGGCA),49.45,nM,392.37,28,D:8,passed,passed,WS210907RNA1527
P20708_271,MDAMB436 Jagged1 72h #1,G:9,35,Total RNA,9,30,0,1.05,46.07,ng/ul,33,1520.44,8.76,Passed,Yes,A,200,IDT_10nt_UD_157 (GTCATCGCGT-TCCTTGTCGG),91.56,nM,407.56,28,E:8,passed,passed,WS210907RNA1527
P20708_272,MDAMB436 Jagged1 72h #2,H:9,35,Total RNA,9,30,0,1.05,89.33,ng/ul,33,2947.92,9.29,Passed,Yes,A,200,IDT_10nt_UD_158 (CCACTTGGAT-AACCGAGATT),33.95,nM,379.90,28,F:8,passed,passed,WS210907RNA1527
P20708_273,MDAMB436 Jagged1 72h #3,A:10,35,Total RNA,9,30,0,1.05,41.03,ng/ul,33,1354.12,9.50,Passed,Yes,A,200,IDT_10nt_UD_159 (TTGGCTCCAA-CGGATCAGAC),69.32,nM,379.18,28,G:8,passed,passed,WS210907RNA1527
P20708_281,BT20 FC 72h #1,A:11,35,Total RNA,9,30,0,1.05,2.60,ng/ul,33,85.83,6.90,Failed,No,,,,,,,,,aborted,failed,
P20708_282,BT20 FC 72h #2,B:11,35,Total RNA,9,30,0,1.05,8.67,ng/ul,33,285.97,8.80,Passed,Yes,A,200,IDT_10nt_UD_160 (TAAGGCGATC-TTGTGCTAAC),52.43,nM,396.66,28,H:8,passed,passed,WS210907RNA1527
P20708_283,BT20 FC 72h #3,C:11,35,Total RNA,9,30,0,1.05,10.52,ng/ul,33,347.06,6.80,Failed,Yes,A,200,IDT_10nt_UD_161 (ACCTTCGGAC-ATCTACGGTC),-0.69,nM,568.44,28,A:9,failed,failed,WS210907RNA1527
P20708_284,BT20 DAPT 72h #1,D:11,35,Total RNA,9,30,0,1.05,2.56,ng/ul,33,84.61,0,Failed,No,,,,,,,,,aborted,failed,
P20708_285,BT20 DAPT 72h #2,E:11,35,Total RNA,9,30,0,1.05,9.17,ng/ul,33,302.51,7.20,Failed,Yes,A,200,IDT_10nt_UD_162 (TGTTCGCTCT-ACACGCAAGT),71.74,nM,386.40,28,B:9,passed,failed,WS210907RNA1527
P20708_286,BT20 DAPT 72h #3,F:11,35,Total RNA,9,30,0,1.05,12.24,ng/ul,33,403.79,6.70,Failed,Yes,A,200,IDT_10nt_UD_163 (CATTGAGCTA-GATGTGAAGT),73.90,nM,381.89,28,C:9,passed,failed,WS210907RNA1527
P20708_287,BT20 Jagged1 72h #1,G:11,35,Total RNA,9,30,0,1.05,3.26,ng/ul,33,107.44,5.80,Failed,No,,,,,,,,,aborted,failed,
P20708_288,BT20 Jagged1 72h #2,H:11,35,Total RNA,9,30,0,1.05,7.72,ng/ul,33,254.68,8.20,Passed,Yes,A,200,IDT_10nt_UD_164 (CTGAGCTTGT-ACGCAAGAAG),78.65,nM,388.43,28,D:9,passed,passed,WS210907RNA1527
P20708_289,BT20 Jagged1 72h #3,A:12,35,Total RNA,9,30,0,1.05,10.39,ng/ul,33,343.04,7.50,Failed,Yes,A,200,IDT_10nt_UD_165 (AGTGGTAGCA-GTCAACACCA),63.81,nM,383.53,28,E:9,passed,failed,WS210907RNA1527
P20708_301,HCC1187 FC 72h #4,A:1,35,Total RNA,8,99,Qubit,3.46,83,ng/ul,20,1660,9.65,Passed,Yes,A,200,IDT_10nt_UD_166 (TCAGACTGGT-GCGTAATCGA),46.84,nM,396.06,28,F:9,passed,passed,WS210907RNA1527
P20708_302,HCC1187 DAPT 72h #4,B:1,35,Total RNA,8,99,Qubit,3.46,57.47,ng/ul,20,1149.44,9.23,Passed,Yes,A,200,IDT_10nt_UD_167 (TTAAGTGCGT-AGCGACAGGT),64.51,nM,390.00,28,G:9,passed,passed,WS210907RNA1527
P20708_303,HCC1187 Jagged1 72h #4,C:1,35,Total RNA,8,99,Qubit,3.46,92,ng/ul,20,1840,9.19,Passed,Yes,A,200,IDT_10nt_UD_168 (AATCCAGGAT-ACTCTGCATG),47.06,nM,385.87,28,H:9,passed,passed,WS210907RNA1527
P20708_304,HCC1187 FC 72h #6,D:1,35,Total RNA,8,95,Qubit,3.33,100,ng/ul,20,2000,9.70,Passed,Yes,A,200,IDT_10nt_UD_169 (TATCATGTCG-GTGCAGATTA),78.04,nM,387.34,28,A:10,passed,passed,WS210907RNA1527
P20708_305,HCC1187 DAPT 72h #6,E:1,35,Total RNA,8,95,Qubit,3.33,65,ng/ul,20,1300,9.49,Passed,Yes,A,200,IDT_10nt_UD_170 (AGGTATTCGG-GCGCACATCT),138.52,nM,394.85,28,B:10,passed,passed,WS210907RNA1527
P20708_306,HCC1187 Jagged1 72h #6,F:1,35,Total RNA,8,95,Qubit,3.33,100,ng/ul,20,2000,9.60,Passed,Yes,A,200,IDT_10nt_UD_171 (CTTCGGAATC-CTTACCGACG),78.15,nM,389.39,28,C:10,passed,passed,WS210907RNA1527
P20708_307,HCC1187 FC 8h #4,G:1,35,Total RNA,8,154,Qubit,5.39,159,ng/ul,20,3180,9.63,Passed,Yes,A,200,IDT_10nt_UD_172 (CCTCTGTCAT-AATCGATACG),62.19,nM,390.03,28,D:10,passed,passed,WS210907RNA1527
P20708_308,HCC1187 DAPT 8h #4,H:1,35,Total RNA,8,154,Qubit,5.39,102,ng/ul,20,2040,9.44,Passed,Yes,A,200,IDT_10nt_UD_173 (TATCCAGTTC-ACGTAGCTCA),34.76,nM,397.36,28,E:10,passed,passed,WS210907RNA1527
P20708_309,HCC1187 Jagged1 8h #4,A:2,35,Total RNA,8,154,Qubit,5.39,162,ng/ul,20,3240,9.72,Passed,Yes,A,200,IDT_10nt_UD_174 (GCATAGCCAA-CCAGGAACCA),37.67,nM,379.60,28,F:10,passed,passed,WS210907RNA1527
P20708_310,HCC1187 FC 8h #6,B:2,35,Total RNA,8,28,Qubit,0.98,35.35,ng/ul,20,707.04,9.20,Passed,Yes,A,200,IDT_10nt_UD_175 (TCGGAGACCT-GAGTAACCTT),58.64,nM,395.67,28,G:10,passed,passed,WS210907RNA1527
P20708_311,HCC1187 DAPT 8h #6,C:2,35,Total RNA,8,28,Qubit,0.98,31.90,ng/ul,20,638.08,8.94,Passed,Yes,A,200,IDT_10nt_UD_176 (AAGGTACCGT-ACAAGATCAG),68.16,nM,391.52,28,H:10,passed,passed,WS210907RNA1527
P20708_312,HCC1187 Jagged1 8h #6,D:2,35,Total RNA,8,28,Qubit,0.98,29.69,ng/ul,20,593.88,9.26,Passed,Yes,B,200,IDT_10nt_UD_316 (TGCTTCCAAG-GTAACATCTG),103.79,nM,387.56,26,D:4,passed,passed,WS210927RNA1527
P20708_313,HCC1599 FC 72h #4,E:2,35,Total RNA,8,16,Qubit,0.56,37.21,ng/ul,20,744.20,8.46,Passed,Yes,A,200,IDT_10nt_UD_178 (ACGGCCTACA-TAGAGTGAGA),85.75,nM,401.10,28,B:11,passed,passed,WS210907RNA1527
P20708_314,HCC1599 DAPT72h #4,F:2,35,Total RNA,8,16,Qubit,0.56,22.66,ng/ul,20,453.12,8.30,Passed,Yes,A,200,IDT_10nt_UD_179 (AACCACACTA-TCAGCAGAGG),45.44,nM,366.53,28,C:11,passed,passed,WS210907RNA1527
P20708_315,HCC1599 Jagged1 72h #4,G:2,35,Total RNA,8,16,Qubit,0.56,10.70,ng/ul,20,214.04,8.50,Passed,Yes,A,200,IDT_10nt_UD_180 (GCAGATGTAA-GAGGCGTGTA),58.63,nM,393.38,28,D:11,passed,passed,WS210907RNA1527
P20708_316,HCC1599 FC 8h #4,H:2,35,Total RNA,8,20,Qubit,0.70,32.72,ng/ul,20,654.40,8.02,Passed,Yes,A,200,IDT_10nt_UD_181 (AGTCGACGTA-TGTTCCATGG),50.51,nM,390.08,28,E:11,passed,passed,WS210907RNA1527
P20708_317,HCC1599 DAPT 8h #4,A:3,35,Total RNA,8,20,Qubit,0.70,49.81,ng/ul,20,996.18,8.21,Passed,Yes,A,200,IDT_10nt_UD_182 (ACGTGCATCG-CAACTGACTG),60.24,nM,395.05,28,F:11,passed,passed,WS210907RNA1527
P20708_318,HCC1599 Jagged1 8h #4,B:3,35,Total RNA,8,20,Qubit,0.70,26.41,ng/ul,39,1030.03,7.82,Failed,Yes,A,200,IDT_10nt_UD_183 (TCCAGCGAAG-GACATAGAAC),83.73,nM,394.14,28,G:11,passed,failed,WS210907RNA1527
P20708_319,HCC1599 FC 8h #5,C:3,35,Total RNA,8,16,Qubit,0.56,0,ng/ul,20,0,0,Failed,No,,,,,,,,,aborted,failed,
P20708_320,HCC1599 DAPT 8h #5,D:3,35,Total RNA,8,16,Qubit,0.56,0,ng/ul,20,0,0,Failed,No,,,,,,,,,aborted,failed,
P20708_321,HCC1599 Jagged1 8h #5,E:3,35,Total RNA,8,16,Qubit,0.56,0,ng/ul,20,0,0,Failed,No,,,,,,,,,aborted,failed,
P20708_322,BT20 FC 72h #4,F:3,35,Total RNA,8,46,Qubit,1.61,55.77,ng/ul,20,1115.42,8.84,Passed,Yes,A,200,IDT_10nt_UD_184 (ACGACAATGA-CTACCGCGTT),72.66,nM,406.87,28,H:11,passed,passed,WS210907RNA1527
P20708_323,BT20 DAPT 72h #4,G:3,35,Total RNA,8,46,Qubit,1.61,22.86,ng/ul,20,457.26,10,Passed,Yes,B,200,IDT_10nt_UD_317 (ACTCGTCCAG-ACGAGGACCA),65.98,nM,380.51,26,E:4,passed,passed,WS210927RNA1527
P20708_324,BT20 Jagged1 72h #4,H:3,35,Total RNA,8,46,Qubit,1.61,52.84,ng/ul,20,1056.86,8.67,Passed,Yes,A,200,IDT_10nt_UD_186 (CACGTAAGAG-CGCGGATTGA),63.26,nM,402.04,28,B:12,passed,passed,WS210907RNA1527
P20708_325,BT20 FC 8h #4,A:4,35,Total RNA,8,44,Qubit,1.54,80,ng/ul,20,1600,8.82,Passed,Yes,A,200,IDT_10nt_UD_187 (GTACAGCGGA-ACACAGATTG),28.54,nM,391.43,28,C:12,passed,passed,WS210907RNA1527
P20708_326,BT20 DAPT 8h #4,B:4,35,Total RNA,8,44,Qubit,1.54,48.37,ng/ul,20,967.48,8.69,Passed,Yes,A,200,IDT_10nt_UD_188 (CTCATCATCT-TAGAGGCTTA),58.02,nM,393.27,28,D:12,passed,passed,WS210907RNA1527
P20708_327,BT20 Jagged1 8h #4,C:4,35,Total RNA,8,44,Qubit,1.54,37.78,ng/ul,20,755.64,8.35,Passed,Yes,A,200,IDT_10nt_UD_189 (TTCGTTCACA-CACTAATCAG),87.84,nM,395.14,28,E:12,passed,passed,WS210907RNA1527
P20708_328,BT20 FC 8h #5,D:4,35,Total RNA,8,14,Qubit,0.49,7.44,ng/ul,24,178.59,8,Failed,Yes,A,200,IDT_10nt_UD_190 (GCGATGCAGA-TACACGAAGA),73.80,nM,402.43,28,F:12,passed,failed,WS210907RNA1527
P20708_329,BT20 DAPT 8h #5,E:4,35,Total RNA,8,14,Qubit,0.49,10.48,ng/ul,24,251.50,8,Passed,Yes,A,200,IDT_10nt_UD_191 (GTACTAAGAG-ATCTAGAGCG),115.95,nM,403.31,28,G:12,passed,passed,WS210907RNA1527
P20708_330,BT20 Jagged1 8h #5,F:4,35,Total RNA,8,14,Qubit,0.49,14.35,ng/ul,24,344.38,9.80,Passed,Yes,A,200,IDT_10nt_UD_192 (TGCGTTCTGC-GAGCGACCAA),79.88,nM,404.53,28,H:12,passed,passed,WS210907RNA1527
